Date;c25;sp500;dax
29-12-2023;1.821,20;4769,830078;16751,64063
28-12-2023;1.820,84;4783,350098;16701,55078
27-12-2023;1.811,36;4781,580078;16742,07031
22-12-2023;1.803,77;4754,629883;16706,17969
21-12-2023;1.795,52;4746,75;16687,41992
20-12-2023;1.789,16;4698,350098;16733,05078
19-12-2023;1.774,56;4768,370117;16744,41016
18-12-2023;1.764,04;4740,560059;16650,55078
15-12-2023;1.763,53;4719,189941;16751,43945
14-12-2023;1.759,12;4719,549805;16752,23047
13-12-2023;1.723,46;4707,089844;16766,05078
12-12-2023;1.703,99;4643,700195;16791,74023
11-12-2023;1.728,44;4622,439941;16794,42969
08-12-2023;1.737,56;4604,370117;16759,2207
07-12-2023;1.731,67;4585,589844;16628,99023
06-12-2023;1.744,48;4549,339844;16656,43945
05-12-2023;1.741,51;4567,180176;16533,10938
04-12-2023;1.737,15;4569,779785;16404,75977
01-12-2023;1.731,69;4594,629883;16397,51953
30-11-2023;1.728,45;4567,799805;16215,42969
29-11-2023;1.712,32;4550,580078;16166,4502
28-11-2023;1.687,54;4554,890137;15992,66992
27-11-2023;1.713,71;4550,430176;15966,37012
24-11-2023;1.712,64;4559,339844;16029,49023
22-11-2023;1.704,85;4556,620117;15957,82031
21-11-2023;1.702,68;4538,189941;15900,53027
20-11-2023;1.720,52;4547,379883;15901,33008
17-11-2023;1.709,38;4514,02002;15919,16016
16-11-2023;1.682,67;4508,240234;15786,61035
15-11-2023;1.691,94;4502,879883;15748,16992
14-11-2023;1.685,32;4495,700195;15614,42969
13-11-2023;1.660,46;4411,549805;15345
10-11-2023;1.643,27;4415,240234;15234,38965
09-11-2023;1.658,37;4347,350098;15352,54004
08-11-2023;1.660,95;4382,779785;15229,59961
07-11-2023;1.628,01;4378,379883;15152,63965
06-11-2023;1.635,94;4365,97998;15135,96973
03-11-2023;1.634,86;4358,339844;15189,25
02-11-2023;1.654,83;4317,779785;15143,59961
01-11-2023;1.617,44;4237,859863;14923,26953
31-10-2023;1.620,04;4193,799805;14810,33984
30-10-2023;1.602,22;4166,819824;14716,54004
27-10-2023;1.595,22;4117,370117;14687,41016
26-10-2023;1.592,86;4137,22998;14731,04981
25-10-2023;1.586,52;4186,77002;14892,17969
24-10-2023;1.611,29;4247,680176;14879,94043
23-10-2023;1.605,60;4217,040039;14800,71973
20-10-2023;1.611,96;4224,160156;14798,46973
19-10-2023;1.612,77;4278;15045,23047
18-10-2023;1.645,83;4314,600098;15094,91016
17-10-2023;1.677,55;4373,200195;15251,69043
16-10-2023;1.682,09;4373,629883;15237,99023
13-10-2023;1.699,11;4327,779785;15186,66016
12-10-2023;1.711,51;4349,609863;15425,03027
11-10-2023;1.708,70;4376,950195;15460,00977
10-10-2023;1.702,69;4358,240234;15423,51953
09-10-2023;1.668,86;4335,660156;15128,11035
06-10-2023;1.676,85;4308,5;15229,76953
05-10-2023;1.663,67;4258,189941;15070,21973
04-10-2023;1.644,49;4263,75;15099,91992
03-10-2023;1.645,04;4229,450195;15085,20996
02-10-2023;1.665,98;4288,390137;15247,20996
29-09-2023;1.700,59;4288,049805;15386,58008
28-09-2023;1.693,20;4299,700195;15323,5
27-09-2023;1.688,47;4274,509766;15217,4502
26-09-2023;1.692,38;4273,529785;15255,87012
25-09-2023;1.696,23;4337,439941;15405,49023
22-09-2023;1.713,59;4320,060059;15557,29004
21-09-2023;1.721,44;4330;15571,86035
20-09-2023;1.747,65;4402,200195;15781,58984
19-09-2023;1.717,88;4443,950195;15664,48047
18-09-2023;1.726,88;4453,529785;15727,12012
15-09-2023;1.742,71;4450,319824;15893,53027
14-09-2023;1.755,54;4505,100098;15805,29004
13-09-2023;1.715,50;4467,439941;15654,03027
12-09-2023;1.715,33;4461,899902;15715,53027
11-09-2023;1.727,65;4487,459961;15800,99023
08-09-2023;1.726,04;4457,490234;15740,29981
07-09-2023;1.723,38;4451,140137;15718,66016
06-09-2023;1.730,88;4465,47998;15741,37012
05-09-2023;1.737,55;4496,830078;15771,70996
01-09-2023;1.753,64;4515,77002;15840,33984
31-08-2023;1.736,43;4507,660156;15947,08008
30-08-2023;1.753,05;4514,870117;15891,92969
29-08-2023;1.796,95;4497,629883;15930,87988
28-08-2023;1.785,05;4433,310059;15792,61035
25-08-2023;1.764,53;4405,709961;15631,82031
24-08-2023;1.772,70;4376,310059;15621,49023
23-08-2023;1.769,66;4436,009766;15728,41016
22-08-2023;1.757,92;4387,549805;15705,62012
21-08-2023;1.747,72;4399,77002;15603,28027
18-08-2023;1.742,67;4369,709961;15574,25977
17-08-2023;1.756,68;4370,359863;15676,90039
16-08-2023;1.775,01;4404,330078;15789,4502
15-08-2023;1.768,14;4437,859863;15767,28027
14-08-2023;1.781,69;4489,720215;15904,25
11-08-2023;1.785,35;4464,049805;15832,16992
10-08-2023;1.805,47;4468,830078;15996,51953
09-08-2023;1.810,07;4467,709961;15852,58008
08-08-2023;1.812,75;4499,379883;15774,92969
07-08-2023;1.766,83;4518,439941;15950,75977
04-08-2023;1.756,22;4478,029785;15951,86035
03-08-2023;1.766,74;4501,890137;15893,37988
02-08-2023;1.773,52;4513,390137;16020,01953
01-08-2023;1.800,10;4576,72998;16240,40039
31-07-2023;1.809,71;4588,959961;16446,83008
28-07-2023;1.794,48;4582,22998;16469,75
27-07-2023;1.820,43;4537,410156;16406,0293
26-07-2023;1.809,33;4566,75;16131,45996
25-07-2023;1.829,00;4567,459961;16211,58984
24-07-2023;1.831,32;4554,640137;16190,9502
21-07-2023;1.842,62;4536,339844;16177,21973
20-07-2023;1.839,23;4534,870117;16204,21973
19-07-2023;1.830,14;4565,720215;16108,92969
18-07-2023;1.827,88;4554,97998;16125,49023
17-07-2023;1.815,55;4522,790039;16068,65039
14-07-2023;1.812,12;4505,419922;16105,07031
13-07-2023;1.810,14;4510,040039;16141,03027
12-07-2023;1.792,84;4472,160156;16023
11-07-2023;1.778,41;4439,259766;15790,33984
10-07-2023;1.774,41;4409,529785;15673,16016
07-07-2023;1.781,59;4398,950195;15603,40039
06-07-2023;1.783,10;4411,589844;15528,54004
05-07-2023;1.811,78;4446,819824;15937,58008
03-07-2023;1.814,50;4455,589844;16081,04004
30-06-2023;1.816,74;4450,379883;16147,90039
29-06-2023;1.792,14;4396,439941;15946,71973
28-06-2023;1.789,49;4376,859863;15949
27-06-2023;1.765,41;4378,410156;15846,86035
26-06-2023;1.778,84;4328,819824;15813,05957
23-06-2023;1.784,96;4348,330078;15829,94043
22-06-2023;1.797,05;4381,890137;15988,16016
21-06-2023;1.800,35;4365,689941;16023,12988
20-06-2023;1.815,78;4388,709961;16111,32031
16-06-2023;1.839,32;4409,589844;16357,62988
15-06-2023;1.829,27;4425,839844;16290,12012
14-06-2023;1.832,00;4372,589844;16310,79004
13-06-2023;1.822,44;4369,009766;16230,67969
12-06-2023;1.816,40;4338,930176;16097,87012
09-06-2023;1.821,52;4298,859863;15949,83984
08-06-2023;1.831,96;4293,930176;15989,95996
07-06-2023;1.825,17;4267,52002;15960,55957
06-06-2023;1.838,61;4283,850098;15992,44043
02-06-2023;1.818,13;4282,370117;16051,23047
01-06-2023;1.808,78;4221,02002;15853,66016
31-05-2023;1.802,63;4179,830078;15664,01953
30-05-2023;1.818,28;4205,52002;15908,91016
26-05-2023;1.829,61;4205,450195;15983,96973
25-05-2023;1.819,17;4151,279785;15793,79981
24-05-2023;1.815,48;4115,240234;15842,12988
23-05-2023;1.851,25;4145,580078;16152,86035
22-05-2023;1.882,99;4192,629883;16223,99023
17-05-2023;1.854,49;4158,77002;15951,29981
16-05-2023;1.864,39;4109,899902;15897,92969
15-05-2023;1.877,47;4136,279785;15917,24023
12-05-2023;1.872,05;4124,080078;15913,82031
11-05-2023;1.847,40;4130,620117;15834,91016
10-05-2023;1.835,91;4137,640137;15896,23047
09-05-2023;1.824,44;4119,169922;15955,48047
08-05-2023;1.840,05;4138,120117;15952,83008
04-05-2023;1.806,62;4061,219971;15734,24023
03-05-2023;1.815,01;4090,75;15815,05957
02-05-2023;1.817,84;4119,580078;15726,94043
28-04-2023;1.818,42;4169,47998;15922,37988
27-04-2023;1.811,35;4135,350098;15800,4502
26-04-2023;1.791,21;4055,98999;15795,73047
25-04-2023;1.826,09;4071,629883;15872,12988
24-04-2023;1.840,80;4137,040039;15863,9502
21-04-2023;1.838,54;4133,52002;15881,66016
20-04-2023;1.821,34;4129,790039;15795,96973
19-04-2023;1.826,52;4154,52002;15895,2002
18-04-2023;1.847,66;4154,870117;15882,66992
17-04-2023;1.846,28;4151,319824;15789,53027
14-04-2023;1.829,22;4137,640137;15807,5
13-04-2023;1.801,88;4146,220215;15729,45996
12-04-2023;1.777,60;4091,949951;15703,59961
11-04-2023;1.772,83;4108,939941;15655,16992
05-04-2023;1.761,77;4090,379883;15520,16992
04-04-2023;1.767,67;4100,600098;15603,46973
03-04-2023;1.769,37;4124,509766;15580,91992
31-03-2023;1.790,13;4109,310059;15628,83984
30-03-2023;1.790,13;4050,830078;15522,40039
29-03-2023;1.759,09;4027,810059;15328,78027
28-03-2023;1.738,92;3971,27002;15142,01953
27-03-2023;1.753,00;3977,530029;15127,67969
24-03-2023;1.735,32;3970,98999;14957,23047
23-03-2023;1.750,63;3948,719971;15210,38965
22-03-2023;1.748,49;3936,969971;15216,19043
21-03-2023;1.739,75;4002,870117;15195,33984
20-03-2023;1.720,22;3951,570068;14933,37988
17-03-2023;1.704,53;3916,639893;14768,2002
16-03-2023;1.721,24;3960,280029;14967,09961
15-03-2023;1.716,18;3891,929932;14735,25977
14-03-2023;1.750,84;3919,290039;15232,83008
13-03-2023;1.719,44;3855,76001;14959,46973
10-03-2023;1.747,21;3861,590088;15427,96973
09-03-2023;1.787,56;3918,320068;15633,20996
08-03-2023;1.768,55;3992,01001;15631,87012
07-03-2023;1.783,06;3986,370117;15559,53027
06-03-2023;1.796,38;4048,419922;15653,58008
03-03-2023;1.794,82;4045,639893;15578,38965
02-03-2023;1.784,79;3981,350098;15327,63965
01-03-2023;1.787,67;3951,389893;15305,01953
28-02-2023;1.780,33;3970,149902;15365,13965
27-02-2023;1.784,97;3982,23999;15381,42969
24-02-2023;1.772,66;3970,040039;15209,74023
23-02-2023;1.779,87;4012,320068;15475,69043
22-02-2023;1.775,96;3991,050049;15399,88965
21-02-2023;1.793,46;3997,340088;15397,62012
17-02-2023;1.784,79;4079,090088;15482
16-02-2023;1.783,12;4090,409912;15533,63965
15-02-2023;1.780,72;4147,600098;15506,33984
14-02-2023;1.776,53;4136,129883;15380,55957
13-02-2023;1.777,43;4137,290039;15397,33984
10-02-2023;1.765,63;4090,459961;15307,98047
09-02-2023;1.789,30;4081,5;15523,41992
08-02-2023;1.775,03;4117,859863;15412,04981
07-02-2023;1.757,11;4164;15320,87988
06-02-2023;1.758,43;4111,080078;15345,91016
03-02-2023;1.766,48;4136,47998;15476,42969
02-02-2023;1.750,61;4179,759766;15509,19043
01-02-2023;1.716,89;4119,209961;15180,74023
31-01-2023;1.698,42;4076,600098;15128,26953
30-01-2023;1.701,23;4017,77002;15126,08008
27-01-2023;1.691,13;4070,560059;15150,03027
26-01-2023;1.692,18;4060,429932;15132,84961
25-01-2023;1.681,24;4016,219971;15081,63965
24-01-2023;1.720,54;4016,949951;15093,11035
23-01-2023;1.729,49;4019,810059;15102,9502
20-01-2023;1.722,86;3972,610107;15033,55957
19-01-2023;1.723,69;3898,850098;14920,36035
18-01-2023;1.758,16;3928,860107;15181,79981
17-01-2023;1.754,71;3990,969971;15187,07031
13-01-2023;1.721,57;3999,090088;15086,51953
12-01-2023;1.722,96;3983,169922;15058,29981
11-01-2023;1.717,19;3969,610107;14947,91016
10-01-2023;1.715,03;3919,25;14774,59961
09-01-2023;1.740,57;3892,090088;14792,83008
06-01-2023;1.725,94;3895,080078;14610,01953
05-01-2023;1.717,85;3808,100098;14436,30957
04-01-2023;1.728,60;3852,969971;14490,78027
03-01-2023;1.742,48;3824,139893;14181,66992
30-12-2022;1.700,56;3839,5;13923,58984
29-12-2022;1.712,84;3849,280029;14071,71973
28-12-2022;1.695,21;3783,219971;13925,59961
27-12-2022;1.701,63;3829,25;13995,09961
23-12-2022;1.695,20;3844,820068;13940,92969
22-12-2022;1.684,63;3822,389893;13914,07031
21-12-2022;1.686,83;3878,439941;14097,82031
20-12-2022;1.671,16;3821,620117;13884,66016
19-12-2022;1.678,90;3817,659912;13942,87012
16-12-2022;1.676,26;3852,360107;13893,07031
15-12-2022;1.706,58;3895,75;13986,23047
14-12-2022;1.735,36;3995,320068;14460,2002
13-12-2022;1.727,16;4019,649902;14497,88965
12-12-2022;1.704,08;3990,560059;14306,62988
09-12-2022;1.720,07;3934,379883;14370,71973
08-12-2022;1.694,71;3963,51001;14264,55957
07-12-2022;1.698,00;3933,919922;14261,19043
06-12-2022;1.703,70;3941,26001;14343,19043
05-12-2022;1.718,97;3998,840088;14447,61035
02-12-2022;1.717,88;4071,699951;14529,38965
01-12-2022;1.713,25;4076,570068;14490,29981
30-11-2022;1.686,61;4080,110107;14397,04004
29-11-2022;1.672,09;3957,629883;14355,4502
28-11-2022;1.673,42;3963,939941;14383,36035
25-11-2022;1.678,31;4026,120117;14541,37988
23-11-2022;1.658,51;4027,26001;14427,58984
22-11-2022;1.651,20;4003,580078;14422,34961
21-11-2022;1.642,57;3949,939941;14379,92969
18-11-2022;1.647,20;3965,340088;14431,86035
17-11-2022;1.639,75;3946,560059;14266,37988
16-11-2022;1.642,21;3958,790039;14234,03027
15-11-2022;1.667,31;3991,72998;14378,50977
14-11-2022;1.667,41;3957,25;14313,29981
11-11-2022;1.667,21;3992,929932;14224,86035
10-11-2022;1.689,65;3956,370117;14146,08984
09-11-2022;1.627,50;3748,570068;13666,32031
08-11-2022;1.635,73;3828,110107;13688,75
07-11-2022;1.604,96;3806,800049;13533,51953
04-11-2022;1.581,65;3770,550049;13459,84961
03-11-2022;1.577,02;3719,889893;13130,19043
02-11-2022;1.583,49;3759,689941;13256,74023
01-11-2022;1.573,03;3856,100098;13338,74023
31-10-2022;1.574,67;3871,97998;13253,74023
28-10-2022;1.566,73;3901,060059;13243,33008
27-10-2022;1.565,07;3807,300049;13211,23047
26-10-2022;1.569,76;3830,600098;13195,80957
25-10-2022;1.548,29;3859,110107;13052,95996
24-10-2022;1.522,47;3797,340088;12931,4502
21-10-2022;1.490,34;3752,75;12730,90039
20-10-2022;1.507,49;3665,780029;12767,41016
19-10-2022;1.508,06;3695,159912;12741,41016
18-10-2022;1.536,82;3719,97998;12765,61035
17-10-2022;1.505,96;3677,949951;12649,03027
14-10-2022;1.493,37;3583,070068;12437,80957
13-10-2022;1.455,49;3669,909912;12355,58008
12-10-2022;1.466,15;3577,030029;12172,25977
11-10-2022;1.450,04;3588,840088;12220,25
10-10-2022;1.453,46;3612,389893;12272,94043
07-10-2022;1.455,46;3639,659912;12273
06-10-2022;1.487,40;3744,52002;12470,78027
05-10-2022;1.477,26;3783,280029;12517,17969
04-10-2022;1.503,92;3790,929932;12670,48047
03-10-2022;1.461,43;3678,429932;12209,48047
30-09-2022;1.439,09;3585,620117;12114,36035
29-09-2022;1.419,34;3640,469971;11975,54981
28-09-2022;1.461,33;3719,040039;12183,28027
27-09-2022;1.463,78;3647,290039;12139,67969
26-09-2022;1.458,70;3655,040039;12227,91992
23-09-2022;1.457,66;3693,22998;12284,19043
22-09-2022;1.483,27;3757,98999;12531,62988
21-09-2022;1.523,67;3789,929932;12767,15039
20-09-2022;1.506,33;3855,929932;12670,83008
19-09-2022;1.534,19;3899,889893;12803,24023
16-09-2022;1.545,21;3873,330078;12741,25977
15-09-2022;1.586,84;3901,350098;12956,66016
14-09-2022;1.617,56;3946,01001;13028
13-09-2022;1.628,00;3932,689941;13188,9502
12-09-2022;1.663,84;4110,410156;13402,26953
09-09-2022;1.649,62;4067,360107;13088,20996
08-09-2022;1.628,51;4006,179932;12904,32031
07-09-2022;1.607,92;3979,870117;12915,96973
06-09-2022;1.609,07;3908,189941;12871,44043
02-09-2022;1.630,74;3924,26001;13050,26953
01-09-2022;1.598,03;3966,850098;12630,23047
31-08-2022;1.652,65;3955;12834,95996
30-08-2022;1.655,85;3986,159912;12961,13965
29-08-2022;1.651,92;4030,610107;12892,99023
26-08-2022;1.694,49;4057,659912;12971,46973
25-08-2022;1.726,69;4199,120117;13271,95996
24-08-2022;1.714,50;4140,77002;13220,05957
23-08-2022;1.694,05;4128,72998;13194,23047
22-08-2022;1.716,02;4137,990234;13230,57031
19-08-2022;1.739,23;4228,47998;13544,51953
18-08-2022;1.725,76;4283,740234;13697,41016
17-08-2022;1.742,59;4274,040039;13626,70996
16-08-2022;1.736,32;4305,200195;13910,12012
15-08-2022;1.749,63;4297,140137;13816,61035
12-08-2022;1.733,11;4280,149902;13795,84961
11-08-2022;1.770,85;4207,27002;13694,50977
10-08-2022;1.759,50;4210,240234;13700,92969
09-08-2022;1.716,86;4122,470215;13534,96973
08-08-2022;1.726,60;4140,060059;13687,69043
05-08-2022;1.732,27;4145,189941;13573,92969
04-08-2022;1.769,14;4151,939941;13662,67969
03-08-2022;1.743,04;4155,169922;13587,55957
02-08-2022;1.764,80;4091,189941;13449,2002
01-08-2022;1.766,32;4118,629883;13479,62988
29-07-2022;1.770,61;4130,290039;13484,04981
28-07-2022;1.743,48;4072,429932;13282,11035
27-07-2022;1.694,13;4023,610107;13166,37988
26-07-2022;1.698,58;3921,050049;13096,92969
25-07-2022;1.693,23;3966,840088;13210,32031
22-07-2022;1.716,83;3961,629883;13253,67969
21-07-2022;1.697,51;3998,949951;13246,63965
20-07-2022;1.683,87;3959,899902;13281,98047
19-07-2022;1.685,07;3936,689941;13308,41016
18-07-2022;1.680,54;3830,850098;12959,80957
15-07-2022;1.647,32;3863,159912;12864,71973
14-07-2022;1.622,46;3790,379883;12519,66016
13-07-2022;1.643,89;3801,780029;12756,32031
12-07-2022;1.650,86;3818,800049;12905,48047
11-07-2022;1.650,88;3854,429932;12832,44043
08-07-2022;1.653,35;3899,379883;13015,23047
07-07-2022;1.635,87;3902,620117;12843,21973
06-07-2022;1.609,22;3845,080078;12594,51953
05-07-2022;1.596,03;3831,389893;12401,2002
01-07-2022;1.600,58;3825,330078;12813,03027
30-06-2022;1.574,67;3785,379883;12783,76953
29-06-2022;1.595,14;3818,830078;13003,34961
28-06-2022;1.609,08;3821,550049;13231,82031
27-06-2022;1.627,57;3900,110107;13186,07031
24-06-2022;1.603,56;3911,73999;13118,12988
23-06-2022;1.554,96;3795,72998;12912,58984
22-06-2022;1.565,41;3759,889893;13144,28027
21-06-2022;1.582,50;3764,790039;13292,40039
17-06-2022;1.524,70;3674,840088;13126,25977
16-06-2022;1.514,33;3666,77002;13038,49023
15-06-2022;1.569,10;3789,98999;13485,29004
14-06-2022;1.550,26;3735,47998;13304,38965
13-06-2022;1.579,71;3749,629883;13427,03027
10-06-2022;1.619,14;3900,860107;13761,83008
09-06-2022;1.651,14;4017,820068;14198,79981
08-06-2022;1.682,43;4115,77002;14445,99023
07-06-2022;1.697,82;4160,680176;14556,62012
03-06-2022;1.676,49;4108,540039;14460,08984
02-06-2022;1.669,04;4176,819824;14485,16992
01-06-2022;1.664,71;4101,22998;14340,46973
31-05-2022;1.682,19;4132,149902;14388,34961
25-05-2022;1.636,28;3978,72998;14007,92969
24-05-2022;1.632,96;3941,47998;13919,75
23-05-2022;1.648,74;3973,75;14175,40039
20-05-2022;1.653,96;3901,360107;13981,91016
19-05-2022;1.609,07;3900,790039;13882,29981
18-05-2022;1.628,51;3923,679932;14007,75977
17-05-2022;1.637,61;4088,850098;14185,94043
16-05-2022;1.609,77;4008,01001;13964,37988
12-05-2022;1.584,86;3930,080078;13739,63965
11-05-2022;1.591,41;3935,179932;13828,63965
10-05-2022;1.591,43;4001,050049;13534,74023
09-05-2022;1.579,15;3991,23999;13380,66992
06-05-2022;1.662,53;4123,339844;13674,29004
05-05-2022;1.720,90;4146,870117;13902,51953
04-05-2022;1.730,37;4300,169922;13970,82031
03-05-2022;1.732,02;4175,47998;14039,46973
02-05-2022;1.729,96;4155,379883;13939,07031
29-04-2022;1.764,64;4131,930176;14097,87988
28-04-2022;1.729,91;4287,5;13979,83984
27-04-2022;1.730,79;4183,959961;13793,94043
26-04-2022;1.715,00;4175,200195;13756,40039
25-04-2022;1.739,64;4296,120117;13924,16992
22-04-2022;1.753,70;4271,779785;14142,08984
21-04-2022;1.782,51;4393,660156;14502,41016
20-04-2022;1.797,93;4459,450195;14362,03027
19-04-2022;1.772,94;4462,209961;14153,45996
13-04-2022;1.752,08;4446,589844;14076,44043
12-04-2022;1.752,72;4397,450195;14124,9502
11-04-2022;1.770,71;4412,529785;14192,78027
08-04-2022;1.805,37;4488,279785;14283,66992
07-04-2022;1.801,75;4500,209961;14078,15039
06-04-2022;1.781,59;4481,149902;14151,69043
05-04-2022;1.818,02;4525,120117;14424,36035
04-04-2022;1.789,22;4582,640137;14518,16016
01-04-2022;1.802,81;4545,859863;14446,48047
31-03-2022;1.786,11;4530,410156;14414,75
30-03-2022;1.795,10;4602,450195;14606,04981
29-03-2022;1.771,53;4631,600098;14820,33008
28-03-2022;1.756,83;4575,52002;14417,37012
25-03-2022;1.725,24;4543,060059;14305,75977
24-03-2022;1.737,70;4520,160156;14273,79004
23-03-2022;1.766,43;4456,240234;14283,65039
22-03-2022;1.789,93;4511,609863;14473,2002
21-03-2022;1.803,00;4461,180176;14326,96973
18-03-2022;1.805,96;4463,120117;14413,08984
17-03-2022;1.792,75;4411,669922;14388,05957
16-03-2022;1.756,66;4357,859863;14440,74023
15-03-2022;1.713,38;4262,450195;13917,26953
14-03-2022;1.718,44;4173,109863;13929,11035
11-03-2022;1.704,23;4204,310059;13628,11035
10-03-2022;1.690,50;4259,52002;13442,09961
09-03-2022;1.716,80;4277,879883;13847,92969
08-03-2022;1.693,03;4170,700195;12831,50977
07-03-2022;1.696,46;4201,089844;12834,65039
04-03-2022;1.683,05;4328,870117;13094,54004
03-03-2022;1.714,67;4363,490234;13698,40039
02-03-2022;1.721,69;4386,540039;14000,11035
01-03-2022;1.752,02;4306,259766;13904,84961
28-02-2022;1.764,81;4373,939941;14461,01953
25-02-2022;1.713,15;4384,649902;14567,23047
24-02-2022;1.657,30;4288,700195;14052,09961
23-02-2022;1.651,42;4225,5;14631,36035
22-02-2022;1.661,31;4304,759766;14693
18-02-2022;1.684,91;4348,870117;15042,50977
17-02-2022;1.719,43;4380,259766;15267,62988
16-02-2022;1.738,19;4475,009766;15396,07031
15-02-2022;1.742,14;4471,069824;15412,70996
14-02-2022;1.692,87;4401,669922;15113,96973
11-02-2022;1.733,74;4418,640137;15425,12012
10-02-2022;1.755,06;4504,080078;15490,44043
09-02-2022;1.765,05;4587,180176;15482,00977
08-02-2022;1.698,86;4521,540039;15242,37988
07-02-2022;1.735,72;4483,870117;15206,63965
04-02-2022;1.723,25;4500,529785;15099,55957
03-02-2022;1.768,46;4477,439941;15368,46973
02-02-2022;1.818,66;4589,379883;15613,76953
01-02-2022;1.779,91;4546,540039;15619,38965
31-01-2022;1.776,23;4515,549805;15471,2002
28-01-2022;1.731,37;4431,850098;15318,9502
27-01-2022;1.759,84;4326,509766;15524,26953
26-01-2022;1.747,16;4349,930176;15459,38965
25-01-2022;1.710,58;4356,450195;15123,87012
24-01-2022;1.719,09;4410,129883;15011,12988
21-01-2022;1.780,53;4397,939941;15603,87988
20-01-2022;1.831,19;4482,72998;15912,33008
19-01-2022;1.809,10;4532,759766;15809,71973
18-01-2022;1.795,44;4577,109863;15772,55957
14-01-2022;1.814,95;4662,850098;15883,24023
13-01-2022;1.858,30;4659,029785;16031,58984
12-01-2022;1.864,46;4726,350098;16010,32031
11-01-2022;1.842,55;4713,069824;15941,80957
10-01-2022;1.825,51;4670,290039;15768,26953
06-01-2022;1.887,62;4696,049805;16052,03027
05-01-2022;1.947,63;4700,580078;16271,75
04-01-2022;1.952,81;4793,540039;16152,61035
03-01-2022;1.970,95;4796,560059;16020,73047
30-12-2021;1.965,65;4778,72998;15884,86035
29-12-2021;1.958,74;4793,060059;15852,25
28-12-2021;1.955,47;4786,350098;15963,7002
27-12-2021;1.953,03;4791,189941;15835,25
23-12-2021;1.930,05;4725,790039;15756,30957
22-12-2021;1.924,02;4696,560059;15593,46973
21-12-2021;1.889,82;4649,22998;15447,44043
20-12-2021;1.865,54;4568,02002;15239,66992
17-12-2021;1.902,51;4620,640137;15531,69043
16-12-2021;1.921,44;4668,669922;15636,40039
15-12-2021;1.894,15;4709,850098;15476,34961
14-12-2021;1.869,39;4634,089844;15453,55957
13-12-2021;1.912,87;4668,970215;15621,71973
10-12-2021;1.909,44;4712,02002;15623,30957
09-12-2021;1.930,11;4667,450195;15639,25977
08-12-2021;1.924,34;4701,209961;15687,08984
07-12-2021;1.908,58;4686,75;15813,94043
06-12-2021;1.844,40;4591,669922;15380,79004
03-12-2021;1.837,61;4538,430176;15169,98047
02-12-2021;1.850,47;4577,100098;15263,11035
01-12-2021;1.898,94;4513,040039;15472,66992
30-11-2021;1.882,55;4567;15100,12988
29-11-2021;1.896,88;4655,27002;15280,86035
26-11-2021;1.907,66;4594,620117;15257,04004
24-11-2021;1.905,69;4701,459961;15878,38965
23-11-2021;1.909,34;4690,700195;15937
22-11-2021;1.973,26;4682,939941;16115,69043
19-11-2021;1.988,88;4697,959961;16159,96973
18-11-2021;1.995,92;4704,540039;16221,73047
17-11-2021;2.002,45;4688,669922;16251,12988
16-11-2021;2.002,38;4700,899902;16247,86035
15-11-2021;2.009,86;4682,799805;16148,63965
12-11-2021;2.020,69;4682,850098;16094,07031
11-11-2021;2.003,23;4649,27002;16083,11035
10-11-2021;1.975,53;4646,709961;16067,83008
09-11-2021;1.992,64;4685,25;16040,46973
08-11-2021;1.985,41;4701,700195;16046,51953
05-11-2021;1.955,16;4697,529785;16054,36035
04-11-2021;1.991,18;4680,060059;16029,65039
03-11-2021;1.976,17;4660,569824;15959,98047
02-11-2021;1.990,65;4630,649902;15954,4502
01-11-2021;1.982,89;4613,669922;15806,29004
29-10-2021;1.971,32;4605,379883;15688,76953
28-10-2021;1.979,34;4596,419922;15696,33008
27-10-2021;1.965,13;4551,680176;15705,80957
26-10-2021;1.972,75;4574,790039;15757,05957
25-10-2021;1.968,54;4566,47998;15599,23047
22-10-2021;1.966,34;4544,899902;15542,98047
21-10-2021;1.947,00;4549,779785;15472,55957
20-10-2021;1.937,88;4536,189941;15522,91992
19-10-2021;1.922,77;4519,629883;15515,83008
18-10-2021;1.899,05;4486,459961;15474,46973
15-10-2021;1.898,65;4471,370117;15587,36035
14-10-2021;1.873,74;4438,259766;15462,71973
13-10-2021;1.888,70;4363,799805;15249,37988
12-10-2021;1.842,70;4350,649902;15146,87012
11-10-2021;1.826,03;4361,189941;15199,13965
08-10-2021;1.839,72;4391,339844;15206,12988
07-10-2021;1.863,12;4399,759766;15250,86035
06-10-2021;1.840,84;4363,549805;14973,33008
05-10-2021;1.839,95;4345,720215;15194,49023
04-10-2021;1.823,92;4300,459961;15036,54981
01-10-2021;1.856,66;4357,040039;15156,44043
30-09-2021;1.880,62;4307,540039;15260,69043
29-09-2021;1.892,92;4359,459961;15365,26953
28-09-2021;1.883,67;4352,629883;15248,55957
27-09-2021;1.931,97;4443,109863;15573,87988
24-09-2021;1.964,46;4455,47998;15531,75
23-09-2021;1.998,06;4448,97998;15643,96973
22-09-2021;1.969,05;4395,640137;15506,74023
21-09-2021;1.964,60;4354,189941;15348,53027
20-09-2021;1.927,68;4357,72998;15132,05957
17-09-2021;1.955,65;4432,990234;15490,16992
16-09-2021;1.967,93;4473,75;15651,75
15-09-2021;1.952,35;4480,700195;15616
14-09-2021;1.973,78;4443,049805;15722,99023
13-09-2021;1.968,48;4468,72998;15701,41992
10-09-2021;1.960,69;4458,580078;15609,80957
09-09-2021;1.978,68;4493,279785;15623,15039
08-09-2021;1.981,59;4514,069824;15610,28027
07-09-2021;2.011,61;4520,029785;15843,08984
03-09-2021;2.003,87;4535,430176;15781,2002
02-09-2021;2.012,36;4536,950195;15840,58984
01-09-2021;1.988,31;4524,089844;15824,29004
31-08-2021;1.975,24;4522,680176;15835,08984
30-08-2021;1.993,13;4528,790039;15887,30957
27-08-2021;1.983,58;4509,370117;15851,75
26-08-2021;1.988,55;4470;15793,62012
25-08-2021;1.987,84;4496,189941;15860,66016
24-08-2021;2.001,26;4486,22998;15905,84961
23-08-2021;2.018,76;4479,529785;15852,79004
20-08-2021;2.007,49;4441,669922;15808,04004
19-08-2021;1.993,86;4405,799805;15765,80957
18-08-2021;2.009,14;4400,27002;15965,96973
17-08-2021;1.996,20;4448,080078;15921,9502
16-08-2021;1.977,70;4479,709961;15925,73047
13-08-2021;1.980,10;4468;15977,44043
12-08-2021;1.964,73;4460,830078;15937,50977
11-08-2021;1.969,59;4442,410156;15826,08984
10-08-2021;1.975,52;4436,75;15770,70996
09-08-2021;1.976,63;4432,350098;15745,41016
06-08-2021;1.957,61;4436,52002;15761,4502
05-08-2021;1.980,27;4429,100098;15744,66992
04-08-2021;1.965,84;4402,660156;15692,12988
03-08-2021;1.936,22;4423,149902;15555,08008
02-08-2021;1.933,32;4387,160156;15568,73047
30-07-2021;1.925,60;4395,259766;15544,38965
29-07-2021;1.916,05;4419,149902;15640,46973
28-07-2021;1.925,06;4400,640137;15570,36035
27-07-2021;1.902,68;4401,459961;15519,12988
26-07-2021;1.914,88;4422,299805;15618,98047
23-07-2021;1.922,46;4411,790039;15669,29004
22-07-2021;1.925,52;4367,47998;15514,54004
21-07-2021;1.904,63;4358,689941;15422,5
20-07-2021;1.872,68;4323,060059;15216,26953
19-07-2021;1.875,74;4258,490234;15133,2002
16-07-2021;1.894,35;4327,160156;15540,30957
15-07-2021;1.895,50;4360,029785;15629,66016
14-07-2021;1.920,09;4374,299805;15788,98047
13-07-2021;1.923,86;4369,209961;15789,63965
12-07-2021;1.923,62;4384,629883;15790,50977
09-07-2021;1.897,15;4369,549805;15687,92969
08-07-2021;1.903,30;4320,819824;15420,63965
07-07-2021;1.925,73;4358,129883;15692,70996
06-07-2021;1.902,37;4343,540039;15511,37988
02-07-2021;1.883,55;4352,339844;15650,08984
01-07-2021;1.888,88;4319,939941;15603,80957
30-06-2021;1.860,41;4297,5;15531,04004
29-06-2021;1.868,65;4291,799805;15690,58984
28-06-2021;1.856,16;4290,609863;15554,17969
25-06-2021;1.847,02;4280,700195;15607,96973
24-06-2021;1.845,24;4266,490234;15589,23047
23-06-2021;1.825,89;4241,839844;15456,38965
22-06-2021;1.839,80;4246,439941;15636,33008
21-06-2021;1.836,35;4224,790039;15603,24023
18-06-2021;1.828,22;4166,450195;15448,04004
17-06-2021;1.838,66;4221,859863;15727,66992
16-06-2021;1.854,45;4223,700195;15710,57031
15-06-2021;1.837,63;4246,589844;15729,51953
14-06-2021;1.830,56;4255,149902;15673,63965
11-06-2021;1.815,04;4247,439941;15693,26953
10-06-2021;1.813,74;4239,180176;15571,21973
09-06-2021;1.815,42;4219,549805;15581,13965
08-06-2021;1.802,23;4227,259766;15640,59961
07-06-2021;1.806,36;4226,52002;15677,15039
04-06-2021;1.799,79;4229,890137;15692,90039
03-06-2021;1.787,96;4192,850098;15632,66992
02-06-2021;1.786,33;4208,120117;15602,70996
01-06-2021;1.807,12;4202,040039;15567,36035
28-05-2021;1.805,89;4204,109863;15519,98047
27-05-2021;1.782,30;4200,879883;15406,73047
26-05-2021;1.801,52;4195,990234;15450,71973
25-05-2021;1.803,01;4188,129883;15465,08984
21-05-2021;1.796,89;4155,859863;15437,50977
20-05-2021;1.776,84;4159,120117;15370,25977
19-05-2021;1.743,61;4115,680176;15113,55957
18-05-2021;1.754,81;4127,830078;15386,58008
17-05-2021;1.742,44;4163,290039;15396,62012
12-05-2021;1.718,43;4063,040039;15150,21973
11-05-2021;1.726,27;4152,100098;15119,75
10-05-2021;1.772,84;4188,430176;15400,41016
07-05-2021;1.779,53;4232,600098;15399,65039
06-05-2021;1.750,52;4201,620117;15196,74023
05-05-2021;1.771,03;4167,589844;15170,78027
04-05-2021;1.734,58;4164,660156;14856,48047
03-05-2021;1.769,41;4192,660156;15236,46973
29-04-2021;1.766,36;4211,470215;15154,2002
28-04-2021;1.781,11;4183,180176;15292,17969
27-04-2021;1.788,48;4186,720215;15249,26953
26-04-2021;1.765,21;4187,620117;15296,33984
23-04-2021;1.761,54;4180,169922;15279,62012
22-04-2021;1.763,85;4134,97998;15320,51953
21-04-2021;1.724,87;4173,419922;15195,96973
20-04-2021;1.705,26;4134,939941;15129,50977
19-04-2021;1.727,53;4163,259766;15368,38965
16-04-2021;1.737,89;4185,470215;15459,75
15-04-2021;1.719,26;4170,419922;15255,33008
14-04-2021;1.706,24;4124,660156;15209,15039
13-04-2021;1.719,58;4141,589844;15234,36035
12-04-2021;1.703,76;4127,990234;15215
09-04-2021;1.724,42;4128,799805;15234,16016
08-04-2021;1.710,22;4097,169922;15202,67969
07-04-2021;1.679,70;4079,949951;15176,36035
06-04-2021;1.695,96;4073,939941;15212,67969
31-03-2021;1.689,80;3972,889893;15008,33984
30-03-2021;1.665,35;3958,550049;15008,61035
29-03-2021;1.663,07;3971,090088;14817,71973
26-03-2021;1.651,25;3974,540039;14748,94043
25-03-2021;1.620,67;3909,52002;14621,36035
24-03-2021;1.619,52;3889,139893;14610,38965
23-03-2021;1.640,14;3910,52002;14662,01953
22-03-2021;1.649,25;3940,590088;14657,20996
19-03-2021;1.637,03;3913,100098;14621
18-03-2021;1.630,60;3915,459961;14775,51953
17-03-2021;1.623,06;3974,120117;14596,61035
16-03-2021;1.655,74;3962,709961;14557,58008
15-03-2021;1.636,08;3968,939941;14461,41992
12-03-2021;1.624,13;3943,340088;14502,38965
11-03-2021;1.642,26;3939,340088;14569,38965
10-03-2021;1.621,94;3898,810059;14540,25
09-03-2021;1.607,33;3875,439941;14437,94043
08-03-2021;1.556,40;3821,350098;14380,91016
05-03-2021;1.538,82;3841,939941;13920,69043
04-03-2021;1.560,01;3768,469971;14056,33984
03-03-2021;1.580,93;3819,719971;14080,03027
02-03-2021;1.620,93;3870,290039;14039,79981
01-03-2021;1.633,01;3901,820068;14012,82031
26-02-2021;1.606,86;3811,149902;13786,29004
25-02-2021;1.627,61;3829,340088;13879,33008
24-02-2021;1.609,75;3925,429932;13976
23-02-2021;1.615,97;3881,370117;13864,80957
22-02-2021;1.645,22;3876,5;13950,04004
19-02-2021;1.676,75;3906,709961;13993,23047
18-02-2021;1.678,12;3913,969971;13886,92969
17-02-2021;1.701,43;3931,330078;13909,26953
16-02-2021;1.711,93;3932,590088;14064,59961
12-02-2021;1.696,00;3934,830078;14049,88965
11-02-2021;1.672,01;3916,379883;14040,91016
10-02-2021;1.631,47;3909,879883;13932,96973
09-02-2021;1.660,03;3911,22998;14011,79981
08-02-2021;1.672,76;3915,590088;14059,91016
05-02-2021;1.679,40;3886,830078;14056,71973
04-02-2021;1.665,23;3871,73999;14060,29004
03-02-2021;1.675,26;3830,169922;13933,62988
02-02-2021;1.665,37;3826,310059;13835,16016
01-02-2021;1.639,48;3773,860107;13622,01953
29-01-2021;1.612,51;3714,23999;13432,87012
28-01-2021;1.644,17;3787,379883;13665,92969
27-01-2021;1.628,07;3750,77002;13620,45996
26-01-2021;1.667,63;3849,620117;13870,99023
25-01-2021;1.688,72;3855,360107;13643,9502
22-01-2021;1.685,72;3841,469971;13873,96973
21-01-2021;1.691,06;3853,070068;13906,66992
20-01-2021;1.689,91;3851,850098;13921,37012
19-01-2021;1.686,82;3798,909912;13815,05957
15-01-2021;1.657,63;3768,25;13787,73047
14-01-2021;1.676,51;3795,540039;13988,7002
13-01-2021;1.671,63;3809,840088;13939,70996
12-01-2021;1.664,55;3801,189941;13925,05957
11-01-2021;1.690,54;3799,610107;13936,66016
08-01-2021;1.706,57;3824,679932;14049,53027
07-01-2021;1.691,89;3803,790039;13968,24023
06-01-2021;1.673,52;3748,139893;13891,96973
05-01-2021;1.680,59;3726,860107;13651,21973
04-01-2021;1.701,55;3700,649902;13726,74023
30-12-2020;1.676,67;3732,040039;13718,78027
29-12-2020;1.688,22;3727,040039;13761,37988
28-12-2020;1.682,93;3735,360107;13790,29004
23-12-2020;1.649,42;3690,01001;13587,23047
22-12-2020;1.654,20;3687,26001;13418,11035
21-12-2020;1.634,76;3694,919922;13246,29981
18-12-2020;1.643,84;3709,409912;13630,50977
17-12-2020;1.618,41;3722,47998;13667,25
16-12-2020;1.612,62;3701,169922;13565,98047
15-12-2020;1.595,31;3694,620117;13362,87012
14-12-2020;1.600,27;3647,48999;13223,16016
11-12-2020;1.581,97;3663,459961;13114,29981
10-12-2020;1.576,91;3668,100098;13295,73047
09-12-2020;1.588,94;3672,820068;13340,25977
08-12-2020;1.579,64;3702,25;13278,49023
07-12-2020;1.563,56;3691,959961;13271
04-12-2020;1.554,98;3699,120117;13298,95996
03-12-2020;1.554,04;3666,719971;13252,86035
02-12-2020;1.575,69;3669,01001;13313,24023
01-12-2020;1.581,62;3662,449951;13382,29981
30-11-2020;1.596,78;3621,629883;13291,16016
27-11-2020;1.593,18;3638,350098;13335,67969
25-11-2020;1.562,86;3629,649902;13289,79981
24-11-2020;1.558,89;3635,409912;13292,44043
23-11-2020;1.582,06;3577,590088;13126,96973
20-11-2020;1.595,77;3557,540039;13137,25
19-11-2020;1.569,97;3581,870117;13086,16016
18-11-2020;1.564,55;3567,790039;13201,88965
17-11-2020;1.564,25;3609,530029;13133,46973
16-11-2020;1.570,70;3626,909912;13138,61035
13-11-2020;1.578,94;3585,149902;13076,71973
12-11-2020;1.585,57;3537,01001;13052,9502
11-11-2020;1.579,12;3572,659912;13216,17969
10-11-2020;1.552,16;3545,530029;13163,11035
09-11-2020;1.562,99;3550,5;13095,96973
06-11-2020;1.586,33;3509,439941;12480,01953
05-11-2020;1.593,26;3510,449951;12568,08984
04-11-2020;1.555,24;3443,439941;12324,21973
03-11-2020;1.514,11;3369,159912;12088,98047
02-11-2020;1.497,09;3310,23999;11788,28027
30-10-2020;1.485,11;3269,959961;11556,48047
29-10-2020;1.493,91;3310,110107;11598,07031
28-10-2020;1.464,51;3271,030029;11560,50977
27-10-2020;1.501,66;3390,679932;12063,57031
26-10-2020;1.501,83;3400,969971;12177,17969
23-10-2020;1.529,24;3465,389893;12645,75
22-10-2020;1.526,36;3453,48999;12543,05957
21-10-2020;1.541,22;3435,560059;12557,63965
20-10-2020;1.566,89;3443,120117;12736,9502
19-10-2020;1.569,76;3426,919922;12854,66016
16-10-2020;1.579,13;3483,810059;12908,99023
15-10-2020;1.570,79;3483,340088;12703,75
14-10-2020;1.598,27;3488,669922;13028,05957
13-10-2020;1.597,00;3511,929932;13018,99023
12-10-2020;1.597,11;3534,219971;13138,41016
09-10-2020;1.565,08;3477,139893;13051,23047
08-10-2020;1.549,31;3446,830078;13042,20996
07-10-2020;1.536,63;3419,439941;12928,57031
06-10-2020;1.528,29;3360,969971;12906,01953
05-10-2020;1.539,83;3408,600098;12828,30957
02-10-2020;1.517,84;3348,419922;12689,04004
01-10-2020;1.525,68;3380,800049;12730,76953
30-09-2020;1.508,36;3363;12760,73047
29-09-2020;1.512,51;3335,469971;12825,82031
28-09-2020;1.495,69;3351,600098;12870,87012
25-09-2020;1.472,61;3298,459961;12469,2002
24-09-2020;1.465,21;3246,590088;12606,57031
23-09-2020;1.483,08;3236,919922;12642,96973
22-09-2020;1.475,27;3315,570068;12594,38965
21-09-2020;1.469,48;3281,060059;12542,44043
18-09-2020;1.491,36;3319,469971;13116,25
17-09-2020;1.492,81;3357,01001;13208,12012
16-09-2020;1.488,79;3385,48999;13255,37012
15-09-2020;1.477,99;3401,199951;13217,66992
14-09-2020;1.463,51;3383,540039;13193,66016
11-09-2020;1.465,33;3340,969971;13202,83984
10-09-2020;1.468,96;3339,189941;13208,88965
09-09-2020;1.474,58;3398,959961;13237,20996
08-09-2020;1.439,29;3331,840088;12968,33008
04-09-2020;1.436,57;3426,959961;12842,66016
03-09-2020;1.471,70;3455,060059;13057,76953
02-09-2020;1.486,60;3580,840088;13243,42969
01-09-2020;1.465,50;3526,649902;12974,25
31-08-2020;1.479,43;3500,310059;12945,37988
28-08-2020;1.469,90;3508,01001;13033,2002
27-08-2020;1.481,45;3484,550049;13096,36035
26-08-2020;1.489,44;3478,72998;13190,15039
25-08-2020;1.479,71;3443,620117;13061,62012
24-08-2020;1.478,68;3431,280029;13066,54004
21-08-2020;1.470,22;3397,159912;12764,79981
20-08-2020;1.460,43;3385,51001;12830
19-08-2020;1.467,04;3374,850098;12977,33008
18-08-2020;1.453,47;3389,780029;12881,75977
17-08-2020;1.475,37;3381,98999;12920,66016
14-08-2020;1.460,68;3372,850098;12901,33984
13-08-2020;1.482,14;3373,429932;12993,70996
12-08-2020;1.475,12;3380,350098;13058,62988
11-08-2020;1.470,73;3333,689941;12946,88965
10-08-2020;1.439,44;3360,469971;12687,53027
07-08-2020;1.448,85;3351,280029;12674,87988
06-08-2020;1.432,21;3349,159912;12591,67969
05-08-2020;1.438,21;3327,77002;12660,25
04-08-2020;1.433,98;3306,51001;12600,87012
03-08-2020;1.451,62;3294,610107;12646,98047
31-07-2020;1.423,63;3271,120117;12313,36035
30-07-2020;1.432,40;3246,219971;12379,65039
29-07-2020;1.442,87;3258,439941;12822,25977
28-07-2020;1.446,79;3218,439941;12835,28027
27-07-2020;1.448,45;3239,409912;12838,66016
24-07-2020;1.442,51;3215,629883;12838,05957
23-07-2020;1.465,88;3235,659912;13103,38965
22-07-2020;1.466,03;3276,02002;13104,25
21-07-2020;1.473,47;3257,300049;13171,83008
20-07-2020;1.464,68;3251,840088;13046,91992
17-07-2020;1.445,00;3224,72998;12919,61035
16-07-2020;1.436,48;3215,570068;12874,96973
15-07-2020;1.440,15;3226,560059;12930,98047
14-07-2020;1.408,53;3197,52002;12697,36035
13-07-2020;1.424,47;3155,219971;12799,96973
10-07-2020;1.408,87;3185,040039;12633,70996
09-07-2020;1.405,20;3152,050049;12489,45996
08-07-2020;1.399,83;3169,939941;12494,80957
07-07-2020;1.392,51;3145,320068;12616,79981
06-07-2020;1.392,04;3179,719971;12733,4502
02-07-2020;1.381,48;3130,01001;12608,45996
01-07-2020;1.361,13;3115,860107;12260,57031
30-06-2020;1.347,89;3100,290039;12310,92969
29-06-2020;1.344,20;3053,23999;12232,12012
26-06-2020;1.342,76;3009,050049;12089,38965
25-06-2020;1.350,70;3083,76001;12177,87012
24-06-2020;1.355,10;3050,330078;12093,94043
23-06-2020;1.379,30;3131,290039;12523,75977
22-06-2020;1.356,64;3117,860107;12262,96973
19-06-2020;1.360,74;3097,73999;12330,75977
18-06-2020;1.347,59;3115,340088;12281,53027
17-06-2020;1.357,67;3113,48999;12382,13965
16-06-2020;1.336,68;3124,73999;12315,66016
15-06-2020;1.316,96;3066,590088;11911,34961
12-06-2020;1.320,50;3041,310059;11949,28027
11-06-2020;1.318,71;3002,100098;11970,29004
10-06-2020;1.343,32;3190,139893;12530,16016
09-06-2020;1.333,80;3207,179932;12617,99023
08-06-2020;1.331,65;3232,389893;12819,58984
04-06-2020;1.334,68;3112,350098;12430,55957
03-06-2020;1.339,47;3122,870117;12487,36035
02-06-2020;1.331,65;3080,820068;12021,28027
29-05-2020;1.327,01;3044,310059;11586,84961
28-05-2020;1.324,42;3029,72998;11781,12988
27-05-2020;1.287,08;3036,129883;11657,69043
26-05-2020;1.327,00;2991,77002;11504,65039
20-05-2020;1.301,59;2971,610107;11223,70996
19-05-2020;1.283,01;2922,939941;11075,29004
18-05-2020;1.274,65;2953,909912;11058,87012
15-05-2020;1.242,56;2863,699951;10465,16992
14-05-2020;1.236,51;2852,5;10337,01953
13-05-2020;1.254,75;2820;10542,66016
12-05-2020;1.260,15;2870,120117;10819,5
11-05-2020;1.256,90;2930,189941;10824,99023
07-05-2020;1.239,77;2881,189941;10759,26953
06-05-2020;1.222,89;2848,419922;10606,2002
05-05-2020;1.216,11;2868,439941;10729,45996
04-05-2020;1.202,74;2842,73999;10466,79981
30-04-2020;1.234,96;2912,429932;10861,63965
29-04-2020;1.236,36;2939,51001;11107,74023
28-04-2020;1.237,19;2863,389893;10795,62988
27-04-2020;1.223,94;2878,47998;10659,99023
24-04-2020;1.215,20;2836,73999;10336,08984
23-04-2020;1.230,70;2797,800049;10513,79004
22-04-2020;1.209,67;2799,310059;10415,03027
21-04-2020;1.206,34;2736,560059;10249,84961
20-04-2020;1.219,38;2823,159912;10675,90039
17-04-2020;1.204,65;2874,560059;10625,78027
16-04-2020;1.178,60;2799,550049;10301,54004
15-04-2020;1.165,22;2783,360107;10279,75977
14-04-2020;1.180,64;2846,060059;10696,55957
08-04-2020;1.151,31;2749,97998;10332,88965
07-04-2020;1.159,79;2659,409912;10356,7002
06-04-2020;1.142,94;2663,679932;10075,16992
03-04-2020;1.129,30;2488,649902;9525,769531
02-04-2020;1.114,05;2526,899902;9570,820313
01-04-2020;1.120,47;2470,5;9544,75
31-03-2020;1.126,50;2584,590088;9935,839844
30-03-2020;1.104,65;2626,649902;9815,969727
27-03-2020;1.075,92;2541,469971;9632,519531
26-03-2020;1.086,43;2630,070068;10000,95996
25-03-2020;1.055,50;2475,560059;9874,259766
24-03-2020;1.031,09;2447,330078;9700,570313
23-03-2020;990,61;2237,399902;8741,150391
20-03-2020;1.031,37;2304,919922;8928,950195
19-03-2020;1.015,93;2409,389893;8610,429688
18-03-2020;1.007,04;2398,100098;8441,709961
17-03-2020;1.032,59;2529,189941;8939,099609
16-03-2020;1.017,31;2386,129883;8742,25
13-03-2020;1.041,51;2711,02002;9232,080078
12-03-2020;1.030,26;2480,639893;9161,129883
11-03-2020;1.120,20;2741,379883;10438,67969
10-03-2020;1.143,17;2882,22998;10475,49023
09-03-2020;1.159,79;2746,560059;10625,01953
06-03-2020;1.227,15;2972,370117;11541,87012
05-03-2020;1.262,59;3023,939941;11944,71973
04-03-2020;1.271,58;3130,120117;12127,69043
03-03-2020;1.265,27;3003,370117;11985,38965
02-03-2020;1.230,64;3090,22998;11857,87012
28-02-2020;1.218,70;2954,219971;11890,34961
27-02-2020;1.249,38;2978,76001;12367,45996
26-02-2020;1.285,31;3116,389893;12774,87988
25-02-2020;1.286,20;3128,209961;12790,49023
24-02-2020;1.309,19;3225,889893;13035,24023
21-02-2020;1.361,53;3337,75;13579,33008
20-02-2020;1.373,27;3373,22998;13664
19-02-2020;1.376,67;3386,149902;13789
18-02-2020;1.363,56;3370,290039;13681,19043
14-02-2020;1.355,40;3380,159912;13744,20996
13-02-2020;1.345,14;3373,939941;13745,42969
12-02-2020;1.347,79;3379,449951;13749,78027
11-02-2020;1.351,88;3357,75;13627,83984
10-02-2020;1.333,47;3352,090088;13494,03027
07-02-2020;1.340,25;3327,709961;13513,80957
06-02-2020;1.342,84;3345,780029;13574,82031
05-02-2020;1.330,64;3334,689941;13478,33008
04-02-2020;1.299,14;3297,590088;13281,74023
03-02-2020;1.278,76;3248,919922;13045,19043
31-01-2020;1.277,80;3225,52002;12981,96973
30-01-2020;1.274,98;3283,659912;13157,12012
29-01-2020;1.295,34;3273,399902;13345
28-01-2020;1.276,93;3276,23999;13323,69043
27-01-2020;1.268,78;3243,629883;13204,76953
24-01-2020;1.299,42;3295,469971;13576,67969
23-01-2020;1.288,94;3325,540039;13388,41992
22-01-2020;1.294,20;3321,75;13515,75
21-01-2020;1.286,32;3320,790039;13555,87012
17-01-2020;1.284,30;3329,620117;13526,12988
16-01-2020;1.272,92;3316,810059;13429,42969
15-01-2020;1.274,01;3289,290039;13432,29981
14-01-2020;1.255,01;3283,149902;13456,49023
13-01-2020;1.250,50;3288,129883;13451,51953
10-01-2020;1.246,79;3265,350098;13483,30957
09-01-2020;1.246,12;3274,699951;13495,05957
08-01-2020;1.239,03;3253,050049;13320,17969
07-01-2020;1.240,97;3237,179932;13226,83008
06-01-2020;1.235,16;3246,280029;13126,99023
03-01-2020;1.237,55;3234,850098;13219,13965
02-01-2020;1.253,25;3257,850098;13385,92969
30-12-2019;1.253,90;3221,290039;13249,00977
27-12-2019;1.264,36;3240,02002;13337,11035
23-12-2019;1.258,88;3224,01001;13300,98047
20-12-2019;1.247,15;3221,219971;13318,90039
19-12-2019;1.240,69;3205,370117;13211,95996
18-12-2019;1.240,93;3191,139893;13222,16016
17-12-2019;1.254,59;3192,52002;13287,83008
16-12-2019;1.257,06;3191,449951;13407,66016
13-12-2019;1.234,90;3168,800049;13282,71973
12-12-2019;1.233,59;3168,570068;13221,63965
11-12-2019;1.228,52;3141,629883;13146,74023
10-12-2019;1.232,95;3132,52002;13070,71973
09-12-2019;1.234,54;3135,959961;13105,61035
06-12-2019;1.240,31;3145,909912;13166,58008
05-12-2019;1.231,55;3117,429932;13054,79981
04-12-2019;1.223,58;3112,76001;13140,57031
03-12-2019;1.215,22;3093,199951;12989,29004
02-12-2019;1.214,66;3113,870117;12964,67969
29-11-2019;1.218,78;3140,97998;13236,37988
27-11-2019;1.225,41;3153,629883;13287,07031
26-11-2019;1.224,21;3140,52002;13236,41992
25-11-2019;1.212,67;3133,639893;13246,4502
22-11-2019;1.196,22;3110,290039;13163,87988
21-11-2019;1.187,37;3103,540039;13137,7002
20-11-2019;1.199,58;3108,459961;13158,13965
19-11-2019;1.205,55;3120,179932;13221,12012
18-11-2019;1.205,94;3122,030029;13207,00977
15-11-2019;1.209,14;3120,459961;13241,75
14-11-2019;1.200,51;3096,629883;13180,23047
13-11-2019;1.205,14;3094,040039;13230,07031
12-11-2019;1.199,92;3091,840088;13283,50977
11-11-2019;1.195,40;3087,01001;13198,37012
08-11-2019;1.195,87;3093,080078;13228,55957
07-11-2019;1.183,81;3085,179932;13289,45996
06-11-2019;1.165,05;3076,780029;13179,88965
05-11-2019;1.168,93;3074,620117;13148,5
04-11-2019;1.180,60;3078,27002;13136,28027
01-11-2019;1.172,97;3066,909912;12961,04981
31-10-2019;1.149,41;3037,560059;12866,79004
30-10-2019;1.155,81;3046,77002;12910,23047
29-10-2019;1.146,80;3036,889893;12939,62012
28-10-2019;1.159,09;3039,419922;12941,70996
25-10-2019;1.148,93;3022,550049;12894,50977
24-10-2019;1.144,58;3010,290039;12872,09961
23-10-2019;1.142,43;3004,52002;12798,19043
22-10-2019;1.141,27;2995,98999;12754,69043
21-10-2019;1.133,27;3006,719971;12747,95996
18-10-2019;1.121,24;2986,199951;12633,59961
17-10-2019;1.132,16;2997,949951;12654,9502
16-10-2019;1.131,31;2989,689941;12670,11035
15-10-2019;1.139,83;2995,679932;12629,79004
14-10-2019;1.128,04;2966,149902;12486,55957
11-10-2019;1.117,37;2970,27002;12511,65039
10-10-2019;1.106,02;2938,129883;12164,2002
09-10-2019;1.114,01;2919,399902;12094,25977
08-10-2019;1.112,44;2893,060059;11970,2002
07-10-2019;1.121,70;2938,790039;12097,42969
04-10-2019;1.113,09;2952,01001;12012,80957
02-10-2019;1.099,76;2887,610107;11925,25
01-10-2019;1.128,80;2940,25;12263,83008
30-09-2019;1.141,65;2976,73999;12428,08008
27-09-2019;1.148,64;2961,790039;12380,94043
26-09-2019;1.150,33;2977,620117;12288,54004
25-09-2019;1.142,98;2984,870117;12234,17969
24-09-2019;1.154,43;2966,600098;12307,15039
23-09-2019;1.148,82;2991,780029;12342,33008
20-09-2019;1.150,31;2992,070068;12468,00977
19-09-2019;1.146,50;3006,790039;12457,7002
18-09-2019;1.143,80;3006,72998;12389,62012
17-09-2019;1.144,42;3005,699951;12372,61035
16-09-2019;1.138,82;2997,959961;12380,30957
13-09-2019;1.147,91;3007,389893;12468,53027
12-09-2019;1.149,22;3009,570068;12410,25
11-09-2019;1.152,66;3000,929932;12359,07031
10-09-2019;1.132,09;2979,389893;12268,70996
09-09-2019;1.149,51;2978,429932;12226,09961
06-09-2019;1.156,74;2978,709961;12191,73047
05-09-2019;1.155,62;2976;12126,78027
04-09-2019;1.151,50;2937,780029;12025,04004
03-09-2019;1.144,64;2906,27002;11910,86035
30-08-2019;1.133,69;2926,459961;11939,28027
29-08-2019;1.122,86;2924,580078;11838,87988
28-08-2019;1.123,27;2887,939941;11701,01953
27-08-2019;1.129,36;2869,159912;11730,01953
26-08-2019;1.124,42;2878,379883;11658,04004
23-08-2019;1.135,39;2847,110107;11611,50977
22-08-2019;1.138,95;2922,949951;11747,04004
21-08-2019;1.142,40;2924,429932;11802,84961
20-08-2019;1.124,10;2900,51001;11651,17969
19-08-2019;1.123,79;2923,649902;11715,37012
16-08-2019;1.120,29;2888,679932;11562,74023
15-08-2019;1.098,93;2847,600098;11412,66992
14-08-2019;1.098,70;2840,600098;11492,66016
13-08-2019;1.113,76;2926,320068;11750,12988
12-08-2019;1.104,30;2882,699951;11679,67969
09-08-2019;1.113,97;2918,649902;11693,79981
08-08-2019;1.121,75;2938,090088;11845,41016
07-08-2019;1.104,65;2883,97998;11650,15039
06-08-2019;1.098,80;2881,77002;11567,95996
05-08-2019;1.089,22;2844,73999;11658,50977
02-08-2019;1.118,53;2932,050049;11872,44043
01-08-2019;1.138,42;2953,560059;12253,15039
31-07-2019;1.124,37;2980,379883;12189,04004
30-07-2019;1.119,01;3013,179932;12147,24023
29-07-2019;1.139,35;3020,969971;12417,46973
26-07-2019;1.138,59;3025,860107;12419,90039
25-07-2019;1.141,16;3003,669922;12362,09961
24-07-2019;1.139,51;3019,560059;12522,88965
23-07-2019;1.133,42;3005,469971;12490,74023
22-07-2019;1.128,45;2985,030029;12289,40039
19-07-2019;1.128,41;2976,610107;12260,07031
18-07-2019;1.131,32;2995,110107;12227,84961
17-07-2019;1.132,43;2984,419922;12341,03027
16-07-2019;1.134,69;3004,040039;12430,96973
15-07-2019;1.130,10;3014,300049;12387,33984
12-07-2019;1.124,03;3013,77002;12323,32031
11-07-2019;1.135,14;2999,909912;12332,12012
10-07-2019;1.138,70;2993,070068;12373,41016
09-07-2019;1.135,18;2979,629883;12436,54981
08-07-2019;1.141,29;2975,949951;12543,50977
05-07-2019;1.141,09;2990,409912;12568,53027
03-07-2019;1.159,66;2995,820068;12616,24023
02-07-2019;1.144,83;2973,01001;12526,71973
01-07-2019;1.141,42;2964,330078;12521,37988
28-06-2019;1.122,77;2941,76001;12398,79981
27-06-2019;1.114,01;2924,919922;12271,03027
26-06-2019;1.125,00;2913,780029;12245,32031
25-06-2019;1.130,99;2917,379883;12228,44043
24-06-2019;1.129,26;2945,350098;12274,57031
21-06-2019;1.129,68;2950,459961;12339,91992
20-06-2019;1.141,28;2954,179932;12355,38965
19-06-2019;1.142,19;2926,459961;12308,53027
18-06-2019;1.138,66;2917,75;12331,75
17-06-2019;1.128,56;2889,669922;12085,82031
14-06-2019;1.125,94;2886,97998;12096,40039
13-06-2019;1.133,82;2891,639893;12169,04981
12-06-2019;1.137,97;2879,840088;12115,67969
11-06-2019;1.129,49;2885,719971;12155,80957
07-06-2019;1.112,86;2873,340088;12045,37988
06-06-2019;1.107,72;2843,48999;11953,13965
04-06-2019;1.094,54;2803,27002;11971,16992
03-06-2019;1.099,94;2744,449951;11792,80957
29-05-2019;1.097,12;2783,02002;11837,80957
28-05-2019;1.127,70;2802,389893;12027,04981
24-05-2019;1.122,97;2826,060059;12011,04004
23-05-2019;1.118,62;2822,23999;11952,41016
22-05-2019;1.132,36;2856,27002;12168,74023
21-05-2019;1.120,55;2864,360107;12143,46973
20-05-2019;1.108,78;2840,22998;12041,29004
16-05-2019;1.117,93;2876,320068;12310,37012
15-05-2019;1.103,92;2850,959961;12099,57031
14-05-2019;1.108,87;2834,409912;11991,62012
13-05-2019;1.101,87;2811,870117;11876,65039
10-05-2019;1.125,11;2881,399902;12059,83008
09-05-2019;1.125,93;2870,719971;11973,91992
08-05-2019;1.138,96;2879,419922;12179,92969
07-05-2019;1.133,76;2884,050049;12092,74023
06-05-2019;1.130,06;2932,469971;12286,87988
03-05-2019;1.138,64;2945,639893;12412,75
02-05-2019;1.141,69;2917,52002;12345,41992
30-04-2019;1.149,69;2945,830078;12344,08008
29-04-2019;1.157,19;2943,030029;12328,01953
26-04-2019;1.155,96;2939,879883;12315,17969
25-04-2019;1.139,42;2926,169922;12282,59961
24-04-2019;1.143,12;2927,25;12313,16016
23-04-2019;1.143,74;2933,679932;12235,50977
17-04-2019;1.141,51;2900,449951;12153,07031
16-04-2019;1.149,77;2907,060059;12101,32031
15-04-2019;1.149,19;2905,580078;12020,28027
12-04-2019;1.144,09;2907,409912;11999,92969
11-04-2019;1.140,42;2888,320068;11935,2002
10-04-2019;1.140,81;2888,209961;11905,91016
09-04-2019;1.139,68;2878,199951;11850,57031
08-04-2019;1.143,69;2895,77002;11963,40039
05-04-2019;1.143,93;2892,73999;12009,75
04-04-2019;1.137,68;2879,389893;11988,00977
03-04-2019;1.146,94;2873,399902;11954,40039
02-04-2019;1.147,00;2867,23999;11754,79004
01-04-2019;1.139,30;2867,189941;11681,99023
29-03-2019;1.122,87;2834,399902;11526,04004
28-03-2019;1.119,29;2815,439941;11428,16016
27-03-2019;1.118,00;2805,370117;11419,04004
26-03-2019;1.122,02;2818,459961;11419,48047
25-03-2019;1.112,36;2798,360107;11346,65039
22-03-2019;1.118,81;2800,709961;11364,16992
21-03-2019;1.134,34;2854,879883;11549,95996
20-03-2019;1.135,56;2824,22998;11603,88965
19-03-2019;1.138,98;2832,570068;11788,41016
18-03-2019;1.133,86;2832,939941;11657,05957
15-03-2019;1.130,90;2822,47998;11685,69043
14-03-2019;1.126,37;2808,47998;11587,46973
13-03-2019;1.118,53;2810,919922;11572,41016
12-03-2019;1.112,03;2791,52002;11524,16992
11-03-2019;1.103,93;2783,300049;11543,48047
08-03-2019;1.101,46;2743,070068;11457,83984
07-03-2019;1.105,86;2748,929932;11517,79981
06-03-2019;1.108,21;2771,449951;11587,62988
05-03-2019;1.113,92;2789,649902;11620,74023
04-03-2019;1.111,15;2792,810059;11592,66016
01-03-2019;1.104,78;2803,689941;11601,67969
28-02-2019;1.100,56;2784,48999;11515,63965
27-02-2019;1.099,42;2792,379883;11487,33008
26-02-2019;1.101,45;2793,899902;11540,79004
25-02-2019;1.097,06;2796,110107;11505,38965
22-02-2019;1.091,66;2792,669922;11457,7002
21-02-2019;1.086,98;2774,879883;11423,28027
20-02-2019;1.092,48;2784,699951;11401,96973
19-02-2019;1.083,41;2779,76001;11309,20996
15-02-2019;1.089,62;2775,600098;11299,79981
14-02-2019;1.083,61;2745,72998;11089,79004
13-02-2019;1.076,16;2753,030029;11167,21973
12-02-2019;1.076,09;2744,72998;11126,08008
11-02-2019;1.063,79;2709,800049;11014,58984
08-02-2019;1.051,94;2707,879883;10906,78027
07-02-2019;1.061,69;2706,050049;11022,01953
06-02-2019;1.068,11;2731,610107;11324,71973
05-02-2019;1.073,44;2737,699951;11367,98047
04-02-2019;1.049,90;2724,870117;11176,58008
01-02-2019;1.054,91;2706,530029;11180,66016
31-01-2019;1.035,62;2704,100098;11173,09961
30-01-2019;1.042,30;2681,050049;11181,66016
29-01-2019;1.039,62;2640;11218,83008
28-01-2019;1.031,53;2643,850098;11210,30957
25-01-2019;1.035,34;2664,76001;11281,79004
24-01-2019;1.040,48;2642,330078;11130,17969
23-01-2019;1.042,93;2638,699951;11071,54004
22-01-2019;1.044,64;2632,899902;11090,11035
18-01-2019;1.044,29;2670,709961;11205,54004
17-01-2019;1.036,19;2635,959961;10918,62012
16-01-2019;1.032,84;2616,100098;10931,24023
15-01-2019;1.024,28;2610,300049;10891,79004
14-01-2019;1.021,22;2582,610107;10855,91016
11-01-2019;1.037,65;2596,26001;10887,45996
10-01-2019;1.037,85;2596,639893;10921,58984
09-01-2019;1.044,04;2584,959961;10893,32031
08-01-2019;1.037,40;2574,409912;10803,98047
07-01-2019;1.027,82;2549,689941;10747,80957
04-01-2019;1.020,17;2531,939941;10767,69043
03-01-2019;995,37;2447,889893;10416,66016
02-01-2019;1.004,76;2510,030029;10580,19043
28-12-2018;994,92;2485,73999;10558,95996
27-12-2018;980,75;2488,830078;10381,50977
21-12-2018;997,93;2416,620117;10633,82031
20-12-2018;1.005,51;2467,419922;10611,09961
19-12-2018;1.023,41;2506,959961;10766,20996
18-12-2018;1.030,48;2546,159912;10740,88965
17-12-2018;1.037,93;2545,939941;10772,2002
14-12-2018;1.047,89;2599,949951;10865,76953
13-12-2018;1.050,41;2650,540039;10924,7002
12-12-2018;1.041,47;2651,070068;10929,42969
11-12-2018;1.036,84;2636,780029;10780,50977
10-12-2018;1.025,76;2637,719971;10622,07031
07-12-2018;1.038,90;2633,080078;10788,08984
06-12-2018;1.024,85;2695,949951;10810,98047
04-12-2018;1.046,34;2700,060059;11335,32031
03-12-2018;1.044,20;2790,370117;11465,45996
30-11-2018;1.040,54;2760,169922;11257,24023
29-11-2018;1.044,66;2737,800049;11298,23047
28-11-2018;1.043,31;2743,790039;11298,87988
27-11-2018;1.045,10;2682,169922;11309,11035
26-11-2018;1.051,59;2673,449951;11354,71973
23-11-2018;1.032,17;2632,560059;11192,69043
21-11-2018;1.016,71;2649,929932;11244,16992
20-11-2018;1.012,44;2641,889893;11066,41016
19-11-2018;1.028,74;2690,72998;11244,54004
16-11-2018;1.032,60;2736,27002;11341
15-11-2018;1.028,78;2730,199951;11353,66992
14-11-2018;1.048,55;2701,580078;11412,53027
13-11-2018;1.047,85;2722,179932;11472,21973
12-11-2018;1.057,31;2726,219971;11325,44043
09-11-2018;1.064,45;2781,01001;11529,16016
08-11-2018;1.065,04;2806,830078;11527,32031
07-11-2018;1.056,38;2813,889893;11579,09961
06-11-2018;1.039,88;2755,449951;11484,33984
05-11-2018;1.033,79;2738,310059;11494,95996
02-11-2018;1.046,62;2723,060059;11518,99023
01-11-2018;1.039,39;2740,370117;11468,54004
31-10-2018;1.024,81;2711,73999;11447,50977
30-10-2018;1.010,82;2682,629883;11287,38965
29-10-2018;1.015,86;2641,25;11335,48047
26-10-2018;992,34;2658,689941;11200,62012
25-10-2018;997,96;2705,570068;11307,12012
24-10-2018;1.011,29;2656,100098;11191,62988
23-10-2018;1.010,20;2740,689941;11274,28027
22-10-2018;1.041,35;2755,879883;11524,33984
19-10-2018;1.045,67;2767,780029;11553,83008
18-10-2018;1.055,38;2768,780029;11589,20996
17-10-2018;1.046,07;2809,209961;11715,03027
16-10-2018;1.047,37;2809,919922;11776,54981
15-10-2018;1.023,20;2750,790039;11614,16016
12-10-2018;1.026,50;2767,129883;11523,80957
11-10-2018;1.013,49;2728,370117;11539,34961
10-10-2018;1.018,87;2785,679932;11712,5
09-10-2018;1.042,30;2880,340088;11977,21973
08-10-2018;1.045,42;2884,429932;11947,16016
05-10-2018;1.068,83;2885,570068;12111,90039
04-10-2018;1.075,00;2901,610107;12244,13965
02-10-2018;1.120,31;2923,429932;12287,58008
01-10-2018;1.121,98;2924,590088;12339,03027
28-09-2018;1.120,06;2913,97998;12246,73047
27-09-2018;1.120,78;2914;12435,58984
26-09-2018;1.126,31;2905,969971;12385,88965
25-09-2018;1.127,79;2915,560059;12374,66016
24-09-2018;1.117,94;2919,370117;12350,82031
21-09-2018;1.127,20;2929,669922;12430,87988
20-09-2018;1.124,39;2930,75;12326,48047
19-09-2018;1.115,26;2907,949951;12219,01953
18-09-2018;1.120,40;2904,310059;12157,66992
17-09-2018;1.115,76;2888,800049;12096,41016
14-09-2018;1.123,77;2904,97998;12124,33008
13-09-2018;1.129,24;2904,179932;12055,54981
12-09-2018;1.132,21;2888,919922;12032,29981
11-09-2018;1.127,78;2887,889893;11970,26953
10-09-2018;1.135,44;2877,129883;11986,33984
07-09-2018;1.136,74;2871,679932;11959,62988
06-09-2018;1.138,25;2878,050049;11955,25
05-09-2018;1.136,81;2888,600098;12040,45996
04-09-2018;1.154,52;2896,719971;12210,20996
31-08-2018;1.171,54;2901,52002;12364,05957
30-08-2018;1.178,00;2901,129883;12494,24023
29-08-2018;1.176,14;2914,040039;12561,67969
28-08-2018;1.176,65;2897,52002;12527,41992
27-08-2018;1.174,73;2896,73999;12538,30957
24-08-2018;1.163,49;2874,689941;12394,51953
23-08-2018;1.156,52;2856,97998;12365,58008
22-08-2018;1.159,12;2861,820068;12385,7002
21-08-2018;1.152,53;2862,959961;12384,49023
20-08-2018;1.148,26;2857,050049;12331,29981
17-08-2018;1.140,04;2850,129883;12210,54981
16-08-2018;1.140,35;2840,689941;12237,16992
15-08-2018;1.129,17;2818,370117;12163,00977
14-08-2018;1.142,91;2839,959961;12358,87012
13-08-2018;1.142,17;2821,929932;12358,74023
10-08-2018;1.134,73;2833,280029;12424,34961
09-08-2018;1.140,35;2853,580078;12676,11035
08-08-2018;1.131,30;2857,699951;12633,54004
07-08-2018;1.148,52;2858,449951;12648,19043
06-08-2018;1.153,67;2850,399902;12598,20996
03-08-2018;1.159,19;2840,350098;12615,75977
02-08-2018;1.157,22;2827,219971;12546,33008
01-08-2018;1.160,48;2813,360107;12737,04981
31-07-2018;1.157,03;2816,290039;12805,5
30-07-2018;1.164,57;2802,600098;12798,2002
27-07-2018;1.169,41;2818,820068;12860,40039
26-07-2018;1.170,39;2837,439941;12809,23047
25-07-2018;1.156,42;2846,070068;12579,33008
24-07-2018;1.153,23;2820,399902;12689,38965
23-07-2018;1.143,64;2806,97998;12548,57031
20-07-2018;1.146,51;2801,830078;12561,41992
19-07-2018;1.136,79;2804,48999;12686,29004
18-07-2018;1.132,30;2815,620117;12765,94043
17-07-2018;1.138,71;2809,550049;12661,54004
16-07-2018;1.127,52;2798,429932;12561,01953
13-07-2018;1.129,80;2801,310059;12540,73047
12-07-2018;1.128,50;2798,290039;12492,96973
11-07-2018;1.114,76;2774,02002;12417,12988
10-07-2018;1.120,89;2793,840088;12609,84961
09-07-2018;1.109,31;2784,169922;12543,88965
06-07-2018;1.100,00;2759,820068;12496,16992
05-07-2018;1.094,00;2736,610107;12464,29004
03-07-2018;1.098,98;2713,219971;12349,13965
02-07-2018;1.089,92;2726,709961;12238,16992
29-06-2018;1.097,24;2718,370117;12306
28-06-2018;1.087,24;2716,310059;12177,23047
27-06-2018;1.101,32;2699,629883;12348,61035
26-06-2018;1.098,62;2723,060059;12234,33984
25-06-2018;1.114,69;2717,070068;12270,33008
22-06-2018;1.124,37;2754,879883;12579,71973
21-06-2018;1.119,14;2749,76001;12511,91016
20-06-2018;1.121,84;2767,320068;12695,16016
19-06-2018;1.111,13;2762,590088;12677,96973
18-06-2018;1.120,17;2773,75;12834,11035
15-06-2018;1.134,65;2779,659912;13010,54981
14-06-2018;1.134,16;2782,48999;13107,09961
13-06-2018;1.125,23;2775,629883;12890,58008
12-06-2018;1.121,23;2786,850098;12842,29981
11-06-2018;1.119,42;2782;12842,91016
08-06-2018;1.112,12;2779,030029;12766,54981
07-06-2018;1.118,10;2770,370117;12811,04981
06-06-2018;1.125,04;2772,350098;12830,07031
04-06-2018;1.132,88;2746,870117;12770,75
01-06-2018;1.129,99;2734,620117;12724,26953
31-05-2018;1.113,59;2705,27002;12604,88965
30-05-2018;1.109,30;2724,01001;12783,75977
29-05-2018;1.107,09;2689,860107;12666,50977
25-05-2018;1.134,28;2721,330078;12938,00977
24-05-2018;1.129,69;2727,76001;12855,08984
23-05-2018;1.142,65;2733,290039;12976,83984
22-05-2018;1.143,98;2724,439941;13169,91992
18-05-2018;1.139,54;2712,969971;13077,71973
17-05-2018;1.143,02;2720,129883;13114,61035
16-05-2018;1.143,74;2722,459961;12996,33008
15-05-2018;1.144,21;2711,449951;12970,04004
14-05-2018;1.161,74;2730,129883;12977,70996
09-05-2018;1.157,24;2697,790039;12943,05957
08-05-2018;1.157,49;2671,919922;12912,20996
07-05-2018;1.147,82;2672,629883;12948,13965
04-05-2018;1.130,77;2663,419922;12819,59961
03-05-2018;1.132,43;2629,72998;12690,15039
02-05-2018;1.133,84;2635,669922;12802,25
30-04-2018;1.113,02;2648,050049;12612,11035
26-04-2018;1.114,38;2666,939941;12500,46973
25-04-2018;1.101,80;2639,399902;12422,29981
24-04-2018;1.114,60;2634,560059;12550,82031
23-04-2018;1.114,87;2670,290039;12572,38965
20-04-2018;1.110,62;2670,139893;12540,5
19-04-2018;1.111,93;2693,129883;12567,41992
18-04-2018;1.115,02;2708,639893;12590,83008
17-04-2018;1.111,77;2706,389893;12585,57031
16-04-2018;1.099,79;2677,840088;12391,41016
13-04-2018;1.102,95;2656,300049;12442,40039
12-04-2018;1.105,16;2663,98999;12415,00977
11-04-2018;1.102,88;2642,189941;12293,96973
10-04-2018;1.116,64;2656,870117;12397,32031
09-04-2018;1.112,75;2613,159912;12261,75
06-04-2018;1.109,58;2604,469971;12241,26953
05-04-2018;1.110,04;2662,840088;12305,19043
04-04-2018;1.092,03;2644,689941;11957,90039
03-04-2018;1.110,44;2614,449951;12002,4502
28-03-2018;1.114,82;2605;11940,70996
27-03-2018;1.108,20;2612,620117;11970,83008
26-03-2018;1.104,96;2658,550049;11787,25977
23-03-2018;1.109,99;2588,26001;11886,30957
22-03-2018;1.109,26;2643,689941;12100,08008
21-03-2018;1.124,51;2711,929932;12309,15039
20-03-2018;1.124,50;2716,939941;12307,33008
19-03-2018;1.123,77;2712,919922;12217,01953
16-03-2018;1.129,10;2752,01001;12389,58008
15-03-2018;1.133,34;2747,330078;12345,55957
14-03-2018;1.128,92;2749,47998;12237,74023
13-03-2018;1.133,20;2765,310059;12221,03027
12-03-2018;1.140,80;2783,02002;12418,38965
09-03-2018;1.138,93;2786,570068;12346,67969
08-03-2018;1.139,57;2738,969971;12355,57031
07-03-2018;1.128,32;2726,800049;12245,36035
06-03-2018;1.124,02;2728,120117;12113,87012
05-03-2018;1.121,57;2720,939941;12090,87012
02-03-2018;1.117,06;2691,25;11913,70996
01-03-2018;1.135,01;2677,669922;12190,94043
28-02-2018;1.147,89;2713,830078;12435,84961
27-02-2018;1.149,13;2744,280029;12490,73047
26-02-2018;1.161,94;2779,600098;12527,04004
23-02-2018;1.152,76;2747,300049;12483,79004
22-02-2018;1.143,84;2703,959961;12461,91016
21-02-2018;1.131,65;2701,330078;12470,49023
20-02-2018;1.132,07;2716,26001;12487,90039
16-02-2018;1.142,49;2732,219971;12451,95996
15-02-2018;1.121,96;2731,199951;12346,16992
14-02-2018;1.115,55;2698,629883;12339,16016
13-02-2018;1.103,46;2662,939941;12196,5
12-02-2018;1.111,86;2656;12282,76953
09-02-2018;1.088,77;2619,550049;12107,48047
08-02-2018;1.090,78;2581;12260,29004
07-02-2018;1.098,24;2681,659912;12590,42969
06-02-2018;1.083,06;2695,139893;12392,66016
05-02-2018;1.096,67;2648,939941;12687,49023
02-02-2018;1.099,26;2762,129883;12785,16016
01-02-2018;1.117,79;2821,97998;13003,90039
31-01-2018;1.136,52;2823,810059;13189,48047
30-01-2018;1.140,74;2822,429932;13197,70996
29-01-2018;1.149,86;2853,530029;13324,48047
26-01-2018;1.151,75;2872,870117;13340,16992
25-01-2018;1.142,07;2839,25;13298,36035
24-01-2018;1.160,31;2837,540039;13414,74023
23-01-2018;1.165,55;2839,129883;13559,59961
22-01-2018;1.164,75;2832,969971;13463,69043
19-01-2018;1.162,38;2810,300049;13434,4502
18-01-2018;1.154,19;2798,030029;13281,42969
17-01-2018;1.156,99;2802,560059;13183,95996
16-01-2018;1.153,11;2776,419922;13246,33008
12-01-2018;1.151,26;2786,23999;13245,03027
11-01-2018;1.159,10;2767,560059;13202,90039
10-01-2018;1.169,88;2748,22998;13281,33984
09-01-2018;1.175,94;2751,290039;13385,58984
08-01-2018;1.174,29;2747,709961;13367,78027
05-01-2018;1.164,20;2743,149902;13319,63965
04-01-2018;1.155,34;2723,98999;13167,88965
03-01-2018;1.152,57;2713,060059;12978,20996
02-01-2018;1.149,07;2695,810059;12871,38965
29-12-2017;1.145,64;2673,610107;12917,63965
28-12-2017;1.145,95;2687,540039;12979,94043
27-12-2017;1.149,76;2682,620117;13070,01953
22-12-2017;1.146,33;2683,340088;13072,79004
21-12-2017;1.142,03;2684,570068;13109,74023
20-12-2017;1.135,91;2679,25;13069,16992
19-12-2017;1.138,78;2681,469971;13215,79004
18-12-2017;1.139,47;2690,159912;13312,29981
15-12-2017;1.122,52;2675,810059;13103,55957
14-12-2017;1.132,81;2652,01001;13068,08008
13-12-2017;1.128,88;2662,850098;13125,63965
12-12-2017;1.132,96;2664,110107;13183,53027
11-12-2017;1.131,08;2659,98999;13123,65039
08-12-2017;1.128,45;2651,5;13153,7002
07-12-2017;1.117,19;2636,97998;13045,15039
06-12-2017;1.112,06;2629,27002;12998,84961
05-12-2017;1.107,44;2629,570068;13048,54004
04-12-2017;1.120,09;2639,439941;13058,54981
01-12-2017;1.124,77;2642,219971;12861,49023
30-11-2017;1.129,59;2647,580078;13023,98047
29-11-2017;1.121,36;2626,070068;13061,87012
28-11-2017;1.121,13;2627,040039;13059,53027
27-11-2017;1.105,94;2601,419922;13000,2002
24-11-2017;1.113,76;2602,419922;13059,83984
22-11-2017;1.124,56;2597,080078;13015,04004
21-11-2017;1.124,89;2599,030029;13167,54004
20-11-2017;1.127,88;2582,139893;13058,66016
17-11-2017;1.127,61;2578,850098;12993,73047
16-11-2017;1.130,95;2585,639893;13047,21973
15-11-2017;1.116,72;2564,620117;12976,37012
14-11-2017;1.116,02;2578,870117;13033,48047
13-11-2017;1.123,19;2584,840088;13074,41992
10-11-2017;1.134,46;2582,300049;13127,46973
09-11-2017;1.138,45;2584,620117;13182,55957
08-11-2017;1.174,48;2594,379883;13382,41992
07-11-2017;1.169,09;2590,639893;13379,26953
06-11-2017;1.180,85;2591,129883;13468,79004
03-11-2017;1.169,71;2587,840088;13478,86035
02-11-2017;1.183,24;2579,850098;13440,92969
01-11-2017;1.196,67;2579,360107;13465,50977
30-10-2017;1.195,49;2572,830078;13229,57031
27-10-2017;1.188,38;2581,070068;13217,54004
26-10-2017;1.179,94;2560,399902;13133,28027
25-10-2017;1.176,65;2557,149902;12953,41016
24-10-2017;1.174,18;2569,129883;13013,19043
23-10-2017;1.182,94;2564,97998;13003,13965
20-10-2017;1.182,32;2575,209961;12991,28027
19-10-2017;1.178,54;2562,100098;12990,09961
18-10-2017;1.186,20;2561,26001;13043,03027
17-10-2017;1.176,11;2559,360107;12995,05957
16-10-2017;1.182,08;2557,639893;13003,7002
13-10-2017;1.179,38;2553,169922;12991,87012
12-10-2017;1.190,82;2550,929932;12982,88965
11-10-2017;1.192,85;2555,23999;12970,67969
10-10-2017;1.185,75;2550,639893;12949,25
09-10-2017;1.183,27;2544,72998;12976,40039
06-10-2017;1.182,02;2549,330078;12955,94043
05-10-2017;1.187,61;2552,070068;12968,04981
04-10-2017;1.187,35;2537,73999;12970,51953
02-10-2017;1.185,14;2529,120117;12902,65039
29-09-2017;1.173,99;2519,360107;12828,86035
28-09-2017;1.176,92;2510,060059;12704,65039
27-09-2017;1.169,30;2507,040039;12657,41016
26-09-2017;1.166,52;2496,840088;12605,2002
25-09-2017;1.177,43;2496,659912;12594,80957
22-09-2017;1.168,92;2502,219971;12592,34961
21-09-2017;1.166,67;2500,600098;12600,03027
20-09-2017;1.164,74;2508,23999;12569,16992
19-09-2017;1.160,43;2506,649902;12561,79004
18-09-2017;1.158,35;2503,870117;12559,38965
15-09-2017;1.149,18;2500,22998;12518,80957
14-09-2017;1.171,82;2495,620117;12540,4502
13-09-2017;1.170,83;2498,370117;12553,57031
12-09-2017;1.173,52;2496,47998;12524,76953
11-09-2017;1.173,92;2488,110107;12475,24023
08-09-2017;1.164,25;2461,429932;12303,98047
07-09-2017;1.164,63;2465,100098;12296,62988
06-09-2017;1.157,82;2465,540039;12214,54004
05-09-2017;1.166,91;2457,850098;12123,70996
01-09-2017;1.181,04;2476,550049;12142,63965
31-08-2017;1.174,72;2471,649902;12055,83984
30-08-2017;1.161,94;2457,590088;12002,46973
29-08-2017;1.155,54;2446,300049;11945,87988
28-08-2017;1.166,47;2444,23999;12123,46973
25-08-2017;1.168,22;2443,050049;12167,94043
24-08-2017;1.170,94;2438,969971;12180,83008
23-08-2017;1.159,56;2444,040039;12174,29981
22-08-2017;1.167,26;2452,51001;12229,33984
21-08-2017;1.152,50;2428,370117;12065,99023
18-08-2017;1.150,31;2425,550049;12165,19043
17-08-2017;1.152,67;2430,01001;12203,45996
16-08-2017;1.165,20;2468,110107;12263,86035
15-08-2017;1.165,21;2464,610107;12177,04004
14-08-2017;1.167,06;2465,840088;12165,12012
11-08-2017;1.162,46;2441,320068;12014,05957
10-08-2017;1.159,95;2438,209961;12014,29981
09-08-2017;1.170,27;2474,02002;12154
08-08-2017;1.161,08;2474,919922;12292,04981
07-08-2017;1.170,20;2480,909912;12257,16992
04-08-2017;1.169,53;2476,830078;12297,71973
03-08-2017;1.159,88;2472,159912;12154,71973
02-08-2017;1.164,98;2477,570068;12181,48047
01-08-2017;1.169,88;2476,350098;12251,29004
31-07-2017;1.168,66;2470,300049;12118,25
28-07-2017;1.164,72;2472,100098;12162,7002
27-07-2017;1.170,59;2475,419922;12212,04004
26-07-2017;1.167,34;2477,830078;12305,11035
25-07-2017;1.161,72;2477,129883;12264,30957
24-07-2017;1.154,14;2469,909912;12208,9502
21-07-2017;1.166,74;2472,540039;12240,05957
20-07-2017;1.175,26;2473,449951;12447,25
19-07-2017;1.175,97;2473,830078;12452,04981
18-07-2017;1.174,91;2460,610107;12430,38965
17-07-2017;1.177,72;2459,139893;12587,16016
14-07-2017;1.172,01;2459,27002;12631,71973
13-07-2017;1.166,01;2447,830078;12641,33008
12-07-2017;1.166,34;2443,25;12626,58008
11-07-2017;1.155,60;2425,530029;12437,01953
10-07-2017;1.158,68;2427,429932;12445,91992
07-07-2017;1.151,00;2425,179932;12388,67969
06-07-2017;1.149,63;2409,75;12381,25
05-07-2017;1.158,92;2432,540039;12453,67969
03-07-2017;1.156,16;2429,01001;12475,30957
30-06-2017;1.143,24;2423,409912;12325,12012
29-06-2017;1.136,00;2419,699951;12416,19043
28-06-2017;1.149,32;2440,689941;12647,26953
27-06-2017;1.151,68;2419,379883;12671,01953
26-06-2017;1.165,38;2439,070068;12770,83008
23-06-2017;1.165,59;2438,300049;12733,41016
22-06-2017;1.166,96;2434,5;12794
21-06-2017;1.169,76;2435,610107;12774,25977
20-06-2017;1.172,15;2437,030029;12814,79004
19-06-2017;1.176,42;2453,459961;12888,9502
16-06-2017;1.160,17;2433,149902;12752,73047
15-06-2017;1.153,30;2432,459961;12691,80957
14-06-2017;1.167,44;2437,919922;12805,9502
13-06-2017;1.165,09;2440,350098;12764,98047
12-06-2017;1.152,99;2429,389893;12690,44043
09-06-2017;1.160,29;2431,77002;12815,71973
08-06-2017;1.152,42;2433,790039;12713,58008
07-06-2017;1.157,17;2433,139893;12672,49023
06-06-2017;1.161,44;2429,330078;12690,12012
02-06-2017;1.162,00;2439,070068;12822,94043
01-06-2017;1.152,46;2430,060059;12664,91992
31-05-2017;1.150,02;2411,800049;12615,05957
30-05-2017;1.139,78;2412,909912;12598,67969
24-05-2017;1.143,97;2404,389893;12642,87012
23-05-2017;1.143,95;2398,419922;12659,15039
22-05-2017;1.142,70;2394,02002;12619,45996
19-05-2017;1.138,08;2381,72998;12638,69043
18-05-2017;1.129,74;2365,719971;12590,05957
17-05-2017;1.123,30;2357,030029;12631,61035
16-05-2017;1.146,06;2400,669922;12804,53027
15-05-2017;1.149,64;2402,320068;12807,04004
11-05-2017;1.144,44;2394,439941;12711,05957
10-05-2017;1.146,55;2399,629883;12757,45996
09-05-2017;1.137,57;2396,919922;12749,12012
08-05-2017;1.144,07;2399,379883;12694,54981
05-05-2017;1.145,77;2399,290039;12716,88965
04-05-2017;1.134,40;2389,52002;12647,78027
03-05-2017;1.129,61;2388,129883;12527,83984
02-05-2017;1.128,70;2391,169922;12507,90039
28-04-2017;1.126,44;2384,199951;12438,00977
27-04-2017;1.120,12;2388,77002;12443,79004
26-04-2017;1.115,10;2387,449951;12472,79981
25-04-2017;1.104,57;2388,610107;12467,04004
24-04-2017;1.098,86;2374,149902;12454,98047
21-04-2017;1.082,56;2348,689941;12048,57031
20-04-2017;1.090,44;2355,840088;12027,32031
19-04-2017;1.081,59;2338,169922;12016,4502
18-04-2017;1.073,39;2342,189941;12000,44043
12-04-2017;1.088,49;2344,929932;12154,7002
11-04-2017;1.080,15;2353,780029;12139,34961
10-04-2017;1.080,66;2357,159912;12200,51953
07-04-2017;1.073,42;2355,540039;12225,05957
06-04-2017;1.077,86;2357,48999;12230,88965
05-04-2017;1.078,86;2352,949951;12217,54004
04-04-2017;1.076,56;2360,159912;12282,33984
03-04-2017;1.066,00;2358,840088;12257,2002
31-03-2017;1.075,07;2362,719971;12312,87012
30-03-2017;1.072,92;2368,060059;12256,42969
29-03-2017;1.067,40;2361,129883;12203
28-03-2017;1.067,84;2358,570068;12149,41992
27-03-2017;1.062,49;2341,590088;11996,07031
24-03-2017;1.066,90;2343,97998;12064,26953
23-03-2017;1.064,53;2345,959961;12039,67969
22-03-2017;1.054,30;2348,449951;11904,12012
21-03-2017;1.061,12;2344,02002;11962,12988
20-03-2017;1.075,44;2373,469971;12052,90039
17-03-2017;1.075,63;2378,25;12095,24023
16-03-2017;1.078,01;2381,379883;12083,17969
15-03-2017;1.073,05;2385,26001;12009,87012
14-03-2017;1.071,32;2365,449951;11988,79004
13-03-2017;1.070,02;2373,469971;11990,03027
10-03-2017;1.065,53;2372,600098;11963,17969
09-03-2017;1.056,09;2364,870117;11978,38965
08-03-2017;1.057,43;2362,97998;11967,30957
07-03-2017;1.056,49;2368,389893;11966,13965
06-03-2017;1.061,95;2375,310059;11958,40039
03-03-2017;1.066,51;2383,120117;12027,36035
02-03-2017;1.072,68;2381,919922;12059,57031
01-03-2017;1.072,33;2395,959961;12067,19043
28-02-2017;1.060,33;2363,639893;11834,41016
27-02-2017;1.059,72;2369,75;11822,66992
24-02-2017;1.061,08;2367,340088;11804,03027
23-02-2017;1.072,43;2363,810059;11947,83008
22-02-2017;1.074,72;2362,820068;11998,58984
21-02-2017;1.076,86;2365,379883;11967,49023
17-02-2017;1.072,36;2351,159912;11757,01953
16-02-2017;1.076,81;2347,219971;11757,24023
15-02-2017;1.074,79;2349,25;11793,92969
14-02-2017;1.071,50;2337,580078;11771,80957
13-02-2017;1.071,58;2328,25;11774,42969
10-02-2017;1.065,91;2316,100098;11666,96973
09-02-2017;1.060,94;2307,870117;11642,86035
08-02-2017;1.044,90;2294,669922;11543,37988
07-02-2017;1.052,38;2293,080078;11549,44043
06-02-2017;1.053,77;2292,560059;11509,83984
03-02-2017;1.060,79;2297,419922;11651,49023
02-02-2017;1.055,49;2280,850098;11627,9502
01-02-2017;1.061,13;2279,550049;11659,5
31-01-2017;1.049,56;2278,870117;11535,30957
30-01-2017;1.048,15;2280,899902;11681,88965
27-01-2017;1.052,62;2294,689941;11814,26953
26-01-2017;1.044,71;2296,679932;11848,62988
25-01-2017;1.038,84;2298,370117;11806,04981
24-01-2017;1.024,96;2280,070068;11594,94043
23-01-2017;1.026,28;2265,199951;11545,75
20-01-2017;1.033,49;2271,310059;11630,12988
19-01-2017;1.033,50;2263,689941;11596,88965
18-01-2017;1.030,35;2271,889893;11599,38965
17-01-2017;1.033,55;2267,889893;11540
13-01-2017;1.039,68;2274,639893;11629,17969
12-01-2017;1.024,95;2270,439941;11521,04004
11-01-2017;1.034,27;2275,320068;11646,16992
10-01-2017;1.026,30;2268,899902;11583,29981
09-01-2017;1.031,50;2268,899902;11563,99023
06-01-2017;1.037,59;2276,97998;11599,00977
05-01-2017;1.034,99;2269;11584,94043
04-01-2017;1.025,78;2270,75;11584,30957
03-01-2017;1.030,89;2257,830078;11584,24023
